company,year,sector,revenue_cagr_3y,pat_margin,pat_margin_trend,ocf_pat_ratio,debt_equity,roce,roe,wc_days,debtor_days_trend,interest_coverage,pe_vs_peer_median,ev_ebitda_vs_peer,ps_ratio,price_vs_last_pe_round,pb_ratio,ofs_pct,gcp_pct,promoter_post_holding,promoter_pledge_flag,fresh_for_debt_pct,issue_size_cr,governance_score,rpt_intensity,auditor_big4,auditor_qualified,litigation_severity,risk_factor_severity,qib_subscription,hni_subscription,retail_subscription,gmp_pct,news_sentiment,anchor_quality,bull_regime,nifty_180d_ret,listing_gain,alpha_180d,label,pred,conf
IPO_0005,2023,Infra,0.2381554711893022,0.1132985133477903,-0.0381201601211875,1.0827483870831398,1.3639234218684382,-0.0599901985725122,0.1922995328247328,36.94022423733476,9.79974275547308,23.862381787569618,0.968701319270964,1.1110754484304293,1.8329839238778536,0.5,1.9646140855033496,0.4646988474728358,0.2214506727140272,0.4166829053361141,0,0.329484699185434,305.7136998886143,3.2168763573320645,0.1524654391020526,0,0,0.2511503020282842,3.464849717893427,5.584002470281576,2.150228800977271,1.2735565616105506,0.4727151558584966,0.1067057791633436,8.365635112525904,1,0.0919716858174982,0.0899185484817221,0.5260476107297243,2,2,0.7575757548390889
IPO_0011,2024,Infra,0.1146888790584056,-0.0501678858181577,0.0254481445072094,1.0423842721024963,1.1045896878031638,0.1471058267685235,0.1841358692529949,50.158817932826,4.254636995348912,1.5233824616891447,0.8142457457956811,1.014864475829732,1.9830813759956571,2.531414999471353,1.520256027326954,0.0987926522759495,0.1448637890479432,0.5705387627533012,0,0.3695696281684982,823.3007849012669,6.928620420186879,0.2264356286440408,0,0,2.5295520918105083,5.815572003858135,8.3016501276907,1.6966856366207077,2.0442212891383065,0.2408522922710394,0.149112696446611,5.122107399969413,1,0.1305770324518558,0.062634478856736,0.0738085807809968,1,2,0.6756756669679118
IPO_0018,2023,Pharma,0.1431357749980648,0.2081914907336028,0.017588080122044,0.7957316836574216,0.2555724859934717,0.2321937201108676,-0.0067241993486766,82.66524468630546,13.88920516688396,5.4905941438028725,0.938448584904006,0.8037898354998814,3.1485986089792584,1.8415904629193545,2.79269328492292,0.3654256713792609,0.0782334896995824,0.75,0,0.1380924694796674,584.2249415741172,6.628201739795737,0.4084378950479955,0,0,0.3303618574013118,3.65099123171908,0.6487879531639069,1.5789228888767604,5.028815917670909,0.6662220182137373,0.3285594564166474,3.5279411608769387,1,0.014225099591895,0.4643898726570783,0.4232590377072343,2,2,0.4886227965430957
IPO_0023,2024,IT/SaaS,-0.1680534018579217,0.1382121957045199,0.0224164554073327,1.1301645891161285,1.2248042468063671,0.1783286798150645,0.2014644048081822,66.52998654186314,-8.010245068181494,3.0676574424550487,0.8762431299853946,0.8312844400090099,2.2002661376198125,1.7478859064289247,2.2369069433370883,0.3181268041578668,0.3110082293757938,0.1970309948957362,0,0.2129126347477397,312.5047671419336,8.422691060185063,0.1690962071855237,1,0,1.0322677636149145,2.670203177029376,2.3142322265528503,1.8474453868750484,3.3568553438584914,-0.106969077361479,0.5897211283102355,6.360561979339248,1,0.1460350597414166,-0.125885151664247,-0.0288910050920359,1,1,0.3788176483939567
IPO_0027,2023,Financials,0.3469448837490395,0.1846024593402125,0.0101331746142452,0.7201929843271127,0.4516614277957609,0.0690900732805091,-0.0682241243629874,151.0420179198457,14.564348805752116,1.0890951617120312,0.920089302204996,0.9086650446034558,8.70748253151718,1.3935532577547831,3.6729163027556506,0.5478952784987866,0.045337818050647,0.4179056252872116,0,0.3934735702841141,634.1368844511703,5.842975776264227,0.1696014699559659,0,0,3.282905178187957,7.12834351718152,62.55057549731584,0.715478873776377,1.530419850205295,0.0267676761578559,0.0462008715299785,4.822024088252498,1,0.1651285064629453,-0.162155037080221,0.2755776645478355,2,0,0.6169854992649592
IPO_0034,2023,Pharma,0.2637823438911335,0.1421398513122432,-0.0159457429276762,-0.1077825822344971,0.785191237731892,0.2387706256783913,0.04379228699284,79.56300150323655,-0.7692965490775863,0.9784879299550407,0.6268902616036255,0.4346410350627026,0.910530610992565,1.9369566148695492,5.23645524719235,0.0179592874098975,0.0874283227987813,0.7136828165772071,0,0.1596083202037634,864.1029077200966,4.463247783791598,0.246331558115655,0,0,2.554195380491831,3.5736593280439424,0.5890990183618793,8.45036588792375,0.5043842086122623,0.405321224948165,0.0918559823907533,4.005526663957051,1,0.1410713164602879,0.1467936492412707,-0.0754816009649291,0,1,0.42857143404532444
IPO_0036,2023,Auto,0.2771227036064211,0.1310559848861744,0.0092277295009653,0.1619783342134259,0.2394768996145942,0.1156464281174301,0.1305155393071498,96.12913651571218,-9.57556417140481,3.4622285671234887,0.7428073255063659,1.0649268310168372,2.4742600796414616,0.5,4.436321602503707,0.4963197594376489,0.1378399136042579,0.5318519878616373,0,0.5074134872426138,889.4856193256898,6.076311201329898,0.4488226504383559,1,0,3.045005192636504,3.4629417416363504,26.83204930952436,5.042362987332569,2.3253008903449635,0.0101703213892347,0.5829298572844368,7.78841073931489,1,0.0912208094482393,0.1625414595979946,-0.0546577119112497,0,0,0.5607476644884999
IPO_0037,2023,Consumer,0.1779529812307055,0.0564921004859969,0.0128090986410776,0.5328345032372273,0.8257744211593671,0.1534177715724574,0.0624592875989646,116.45985890449585,6.533471255768691,1.09507243791527,0.8963003594520378,1.4158064309419254,4.202761956028191,0.9965636931835856,1.958706936617312,0.7213898602296853,0.2677364300272806,0.6264604035515853,1,0.6138042897545837,2123.888651287709,5.76315248480233,0.2752210595615548,1,0,4.169334368530436,1.8159276486823988,0.712222784943391,49.18835844614208,1.6492530199491309,0.1705607333800593,-0.0584556980766424,2.41072497029014,1,0.1035020462040349,0.282633277702807,-0.3632829846594674,0,0,0.4
IPO_0045,2024,Consumer,0.1273571426673032,0.1676911205458329,0.0093019627163807,1.2264360835744403,0.5543620986241141,0.3219109070022928,0.1681206455922905,76.42083550266223,-5.359840888589572,1.9612810004640504,1.1023081900050458,1.509363910979315,2.569952043484532,1.2359658687500192,1.3376723528213588,0.4031018255150124,0.4707752817781286,0.6395270239179369,0,0.0532985058416482,780.331796442043,5.8341559395408575,0.0537317186721203,0,0,4.377816310618024,2.8260471926659965,3.448868176323173,27.01021132631776,1.0681052357023637,-0.2,0.03437514355622,5.14795791711695,1,-0.0083468566364528,0.080996237789174,0.0769218546149814,1,2,0.6787647415915979
IPO_0047,2023,Consumer,0.1655731594615001,0.0726219073425058,0.0161029136388966,0.079632751867959,0.3066972444155087,0.312297344862938,0.1062523596873383,189.0746735744924,-8.974204462327746,4.53404187014044,0.5620018455446865,1.2151899974856597,3.736702660073635,1.1359521969497006,2.978235138213721,0.6398464811637983,0.2358701655665904,0.6234650388458693,1,0.5849283247577178,3863.8298218156456,8.521770561823462,0.2627141096077316,0,0,1.14862069761725,5.9983896259746405,11.004349715327177,5.037625226540381,4.9528238555712525,0.311819211353941,-0.1357671026839226,5.551686095030771,1,0.2351700685795895,0.3866747048969011,-0.025480032313049,1,0,0.6422018323602545
IPO_0060,2024,IT/SaaS,0.1518493513607322,-0.0408370598766286,0.0114817844464009,0.3521548865790966,0.7272715256544185,0.2907758805254198,0.1936301432208273,117.2099525274036,-12.269799104756444,2.814885626471784,0.7135593897350764,1.0308113814940187,4.524758884186677,1.2852082399663045,0.7599556516387314,0.070243371652655,0.0908905671560696,0.3010987599797212,0,0.0969445999693047,5380.727371146575,7.788680251731247,0.0827230158462064,0,0,3.51509187989366,7.660172967042838,3.1788154263892108,42.84060587531442,4.240852694674089,0.4433742191403744,-0.4176376766512794,6.464617811441498,1,0.0658816163963504,0.2580010519882526,0.079364680494711,1,2,0.38961039051516577
IPO_0063,2024,New-Age Tech,0.2966651083627388,0.0548009836376232,0.0099786782079331,1.1271650023161954,1.1618555479426411,0.1704347687208954,0.1656783781513857,95.0762022257904,5.034713330273917,6.691935972317096,1.635296234383906,1.3996883587643678,1.9962945183960008,1.0087385769241357,1.5933160499546446,0.3716351436042349,0.162404895899187,0.75,1,0.1085424212041923,1781.8204688774497,6.830319581218142,0.3461874656810584,0,0,4.876686058855623,3.737035825203144,19.82182074591607,2.467481158205688,5.322353083247304,-0.1382253827097281,-0.2100326497855914,10.0,1,0.0401920940799333,0.1082203071116597,-0.0834354347807457,0,0,0.368131382867581
IPO_0066,2023,Chemicals,-0.1570902833011283,0.1796672521122533,0.0301822969866947,0.8876997715730311,0.2861222861517278,0.2140785134252641,0.0446429185305973,101.3172436676826,2.24197251884763,1.2666282534726565,1.4028299882073576,1.064490528248979,0.6178216337133063,1.735368372334895,1.803518383795324,0.1299478370296317,0.4348477773342222,0.6163071526502967,0,0.1949872127236399,1220.3441897609753,6.507582396815994,0.1492879983204008,1,0,5.17901092057235,5.774682236912617,2.7897609807491315,12.8637846985515,0.96096833311681,0.5520281126321931,0.1022192290827953,6.328194863616856,1,0.086455652261582,0.3018990974290666,0.2046829706623394,2,1,0.3713163091284362
IPO_0080,2024,Realty,0.4873133476294929,0.0583804683997222,-0.0165114457228603,0.9716994582002696,0.1403972042247356,-0.0336510202375072,-0.042195822956808,102.04967748090064,-2.6369597414098003,23.764003265204327,1.1440493908681488,1.3019253721616335,3.811987219357965,1.738119326418448,4.366883633944219,0.7173376371893858,0.1164428374359601,0.4681449817076323,0,0.0823010723941165,137.8749642974279,4.969536006314265,0.0525170165837251,1,0,0.6254943144666412,6.726019512951068,1.51601924222382,2.703707452337744,0.8754934293890171,0.2656740361668684,0.6596547699356567,6.290979293667105,1,-0.0269541682057904,0.1106821172651421,0.0116199646606867,1,2,0.524628761798859
IPO_0083,2023,IT/SaaS,0.0418724403286308,0.2739671274429855,0.0116506462619528,0.8194913244857959,0.4633663512080341,-0.023742192906211,0.1480082624623085,-12.741052904386422,8.456776925239698,42.52075928962151,1.386394435623873,1.3973627365113055,2.97069198142991,0.5,4.717636313132369,0.2253155657495878,0.0494894622795616,0.680379000484582,0,0.0482298917411568,380.2956633582099,8.919240520903376,0.0666691374086934,1,0,1.834062948201577,4.827359918302363,5.6851333348985085,13.67864230794635,0.6238691291313272,-0.0268206900502523,-0.3624811282075918,6.842418231580149,1,0.1366942206444185,0.3428631793339394,0.1404340598007016,2,2,0.6097560940151907
IPO_0089,2023,Financials,0.2910021354456503,0.021699262193007,0.0310231669730406,0.4582994730516898,0.2009209294190635,0.103321081195648,0.1654554125512724,63.10453362304483,-0.0695438339348566,7.121868272172383,0.8897458188123046,0.5626694252150942,7.291388833857887,1.4486490106469438,1.768683102875082,0.3178915259113085,0.3109330575975716,0.5380644805948319,0,0.3764590337649248,435.6889160283816,6.347378120995249,0.1456556828554793,1,0,0.6135227406307306,6.48978695398111,4.431204861304317,5.6988635798279885,3.692420237555161,0.2439929547055385,-0.2574366390071646,3.255924840513894,1,0.0172454013443134,0.4615150500772251,-0.1139857606426281,0,0,0.4061371835955394
IPO_0092,2023,Auto,-0.0875416694571274,0.093220520160037,0.029944228422849,0.2213087625093149,2.0986112964896626,0.102239770666682,0.1525836055220832,70.702586701066,-0.7714900174807995,6.018279075979815,1.132872944451096,1.3423730030587189,3.955981389581396,1.4704194506577877,1.9432561699954636,0.7862010477766166,0.3660114062384886,0.6179041349311529,0,0.1007363428486886,640.6402729615371,6.480309103633577,0.0854424158471512,0,0,0.289503157538467,5.174088742352744,9.24898762321502,2.58671083677563,11.47682777544842,0.0787860700880984,0.0614083662673647,5.659164738628119,1,0.0069931058814107,-0.0663861245147153,-0.1733937947391109,0,0,0.689655170287587
IPO_0094,2023,Industrials,0.0965712061726312,-0.0188206693031461,-0.0291845220782031,1.6146567394836475,0.2117657028855258,0.1842647199194803,0.0290762866396992,66.62230218011467,-6.033876209041633,0.5782961424582058,0.4999842964811991,0.6326942522727794,2.015111894222986,2.1662486373119823,7.733211085776212,0.5278832838792551,0.0736991676786897,0.4791750315179437,0,0.0360737208123516,1992.2038761226136,5.413426128851117,0.5290083683850211,1,0,0.6743840439137333,7.0720455444490575,0.6724806494025838,3.883581980591221,4.050792571511933,0.516100648947936,0.2859903099263718,9.13201338767906,1,0.054663471046098,0.2742221370579921,0.49044868384046,2,2,0.8749999951105565
IPO_0100,2023,Financials,0.3825937681428984,-0.0908331805870281,-0.019332074305788,-0.0975229249739405,0.5179223916253025,0.3344116413394269,-0.1338811436943333,61.32293955659355,3.010249097900555,4.237224240204808,1.6264665102097575,1.700942188510398,1.811067279606752,1.107222286191379,2.9593725345304325,0.1522997423389202,0.0266299779992749,0.6063949911737697,0,0.3387072171599678,183.1843011632004,5.895941156889806,0.2004974666703595,0,0,2.389286146660744,4.807973071089372,3.6161361849206335,4.033408704387884,1.6835125780822986,-0.0815497748321434,0.1986309809828404,5.123826051890782,1,0.1860277464970917,-0.0958337347602955,-0.3946942291258268,0,0,0.37576174508786103
IPO_0124,2023,Chemicals,0.3388835608344481,-0.002006839532189,0.00528144165747,0.8893088347658937,0.3475284553300821,0.084050230382673,0.2180681089925777,57.13361401895739,-8.136707225039805,3.89376422772936,0.7457017899606629,1.903477456115928,10.094101117902552,1.3752216107956623,2.4794029142269407,0.676700091708242,0.3316919832283993,0.5567339248934241,1,0.2079098627968846,2698.340382765417,6.619550058162164,0.1974874106576724,0,0,0.0364476767701411,8.247741467106945,8.99450109441541,8.42747709198299,1.6645889559805946,0.161950619397013,0.7809059802723526,9.895884115785964,1,0.2283550741406843,0.2282857727633583,0.1429084688389592,2,0,0.4237288114617728
IPO_0140,2024,Pharma,0.1044063387884084,-0.0697973354311887,0.0405664181343964,-0.2675177489493331,0.3787966767150149,0.174594730939617,0.3074431682395295,190.6644891425069,-0.518175599343933,4.794524819798753,1.471717210345181,0.8533451440302134,7.110850288537512,1.6659831447536044,2.2408627584374714,0.5409841351951296,0.0926643181630823,0.5282009560218344,0,0.3252539282344751,1364.835802355784,7.540433344506625,0.4778293306224143,1,0,0.4655497574517946,5.230398669714632,13.18500205571492,2.782388608967645,1.2086230714759412,0.0685787819158629,-0.2492108613260274,3.149724698023242,1,0.0670044740088869,-0.0789940832626124,-0.5253252434032395,0,0,0.6800518123990777
IPO_0144,2024,Financials,0.2166156583467528,0.1949620209775931,0.0030385286293498,1.7654771443782826,0.3131492641608824,0.0957919202805498,0.088955915109272,54.18377336745403,0.8601406049071596,1.447531636220829,0.6836824203690541,1.1013143137796368,7.62097676099009,1.5574330619184371,1.5620392271652606,0.5167515632652127,0.5583160733240048,0.5512205521161728,0,0.1168090595998499,374.2852822224479,6.959826451908238,0.24644366183994,1,0,2.43531184299942,5.629816011536394,1.912057279560242,6.912516329948539,1.6812987681395402,0.6902071117273272,-0.2891564474357806,5.072618288989951,1,0.1140251542085366,0.4574810882378567,0.3836052178504688,2,2,0.8072976585810094
IPO_0145,2023,Financials,0.2209806034278184,0.064786048809182,-0.0079852583922027,0.3401199073092682,0.725105884471736,0.0552313664360824,0.0209427663886689,121.63684091515408,17.12584140880965,2.932559944534875,1.360211145057364,1.1384508757569225,3.06443176931438,1.0964485751104087,6.87720241987901,0.7912741551417263,0.1749142888988638,0.5987871548897785,0,0.3338664119666363,652.8169259869042,6.363651504016088,0.0634253620507232,0,0,3.3821184882093918,7.052030577149482,3.575850549619306,0.1313727016722918,3.039215031026145,0.0056488122525346,0.1678750598274095,2.138184958389177,1,0.1780142293639281,-0.0149903354072286,-0.2471200745097522,0,0,0.6422018323602545
IPO_0148,2023,Realty,0.3956665409874693,-0.129974081570446,-0.0103671131909582,0.9621446997084622,0.3321854794680514,0.1600142912460076,0.2493534588216267,110.8772652526176,7.127153268336987,4.708454786581521,1.598094624248589,0.7328304779630674,2.646372323099841,2.594413876637624,2.5198308930106537,0.1154071738092347,0.3359835712271065,0.5642357119259939,0,0.1074841724582799,1020.661612890778,4.203813315813183,0.1703139238264301,1,0,1.4213022478072426,6.187186332409926,18.86282994341912,0.4332112364865005,43.925173531971765,0.0030077486694121,0.1358979291979375,4.736466179484468,1,0.172469564693346,-0.0469294546187223,0.1414759349307957,2,2,0.6097560940151907
IPO_0150,2023,New-Age Tech,-0.1374981673455796,0.0749292698188493,-0.010880870833977,0.5277721175586418,1.2733610603012506,0.1616468415051422,0.0356649816382685,218.0939019970581,3.6395145892285994,5.564006127984803,1.864343197663516,0.9233687458608016,1.3019674180092375,1.741621452045256,4.761623530094983,0.118261949325972,0.1709466325168588,0.6133853224273726,0,0.0902007125816133,2188.247878286065,5.913616787676219,0.3232530524109731,0,0,1.6225647535465475,3.93349548921056,4.360344821680132,0.3755682481331212,2.343241715305079,0.157616251844039,-0.1105633472061181,2.396782621241062,1,0.178691151459499,0.2544571669774909,0.0051099141192533,1,1,0.3713163091284362
IPO_0152,2024,New-Age Tech,0.1843664919865003,0.1763103231223791,0.0096859672075379,1.299277640071308,2.76678822158728,0.1057527057149989,-0.1224166777501417,83.7876944320367,13.88831114812118,6.454469615605308,1.1463032588125794,0.9703091000299232,1.4673554127895183,1.855012540126641,7.246874744485164,0.5371512011871316,0.1187189364914565,0.557477711284881,0,0.099025900985498,2599.30796232912,5.510376258636293,0.4615353156625584,1,0,0.8630735880606744,4.429889361527246,0.6780933995305302,0.1319313139510126,1.6169882283458936,0.155094298184767,0.3707041211123746,6.462651457795748,1,0.1397936919084,0.0558504619648263,-0.0206468757141704,1,1,0.39622641542854153
IPO_0160,2024,New-Age Tech,0.1230290232315157,-0.0031862477168832,0.0366565889354666,1.3781927930154416,0.495690942041349,0.2521543865981486,0.1347278623995862,76.90715529132565,14.30772251222819,2.7704573251476465,1.3986705311595775,1.177536317764204,0.4637719145994871,1.678867317260315,15.0,0.7341183762636134,0.0644466864665213,0.5147805644692766,0,0.4459459993563788,355.4832620808168,4.451978502822274,0.3244972662111046,0,0,0.6949262895193025,1.835328721156188,7.499875237117518,2.339620835784632,2.640560161204154,0.0354800419391992,0.3918036078147977,6.334151385032444,1,0.0798088952086473,-0.0105281693731728,0.5871617678866325,2,1,0.42857143404532444
IPO_0178,2023,Infra,0.1065374725648186,0.0320525984473439,0.0033096023697705,1.2274309462370214,0.6739196419538456,0.0352097124809991,0.1548223096183478,89.61067439529825,4.524650033578904,7.030226878701931,1.7103366941959286,1.198472112930174,1.7293392018396017,2.025794862396292,4.476335854109735,0.4050122213486758,0.0895208712953855,0.5987099553733102,0,0.1630489360545713,823.4899492177157,4.700098056294303,0.2007415884032181,0,0,1.3250638084878064,3.94370934757642,9.903356039710037,5.309076393055126,0.5827892949590627,0.1628077340009016,0.58879483565082,7.840089645685822,1,0.1385364173592086,0.1140117536309254,-0.042728534312862,1,2,0.6097560940151907
IPO_0180,2024,Financials,0.1846628381656729,0.0607624324708619,-0.0426253468024384,-0.408047597886383,0.9755776097599064,0.0035467631686411,0.0669287524798779,126.68228843611578,4.653572629716751,4.578009236744285,0.388347696892776,1.4770220566040917,4.658359431592859,2.0130506525910263,2.3236741553351727,0.5106219577342378,0.0794104032198321,0.6327102986287474,0,0.0466631708747,7984.614345521489,7.428072476636871,0.041446461932971,0,0,4.930712295429187,2.4953747026121227,16.965381664117068,0.05,1.615217371458258,-0.1542708167401312,0.4868370315857075,8.753517407735389,1,0.1227976098877922,-0.0057652997032592,-0.2832502930532863,0,0,0.6422018323602545
IPO_0194,2024,Auto,0.1189584376841161,0.1029647647250299,0.0007145011489106,0.5091927237347831,0.2275347587780489,0.1320834006786586,0.2290909814929458,149.3396326849503,3.1690531276555856,4.713534064456976,0.7960681987004139,1.1125627150319377,2.593140725528253,1.2462028005845012,2.0728955497641284,0.2472521118867985,0.118607346613733,0.5194714554614284,0,0.0348229246245046,947.252114603654,6.939933291926528,0.0318403271184963,0,0,3.298315600268953,1.8100179150642115,10.5906918080197,0.3683911193737346,0.8041693209172726,-0.0340751435568383,0.200594356828347,6.312411389128064,1,-0.0181930035331568,0.0763519209753341,0.0848630996795502,1,0,0.4061371835955394
IPO_0199,2024,Chemicals,0.2886424016184342,0.1173206948429442,0.0176254946024315,0.8346280838697351,0.8639300843148489,0.0363697137107469,0.3313786040068424,72.55433706896676,3.309778040464145,2.9794277032073126,1.1391123002958905,0.31294432132324,1.3855139782715011,1.299062172364685,1.2633887954433012,0.2042633940413479,0.1649889775747891,0.75,1,0.2814136101668499,162.00176659972843,6.637310986970476,0.1876014602076693,0,0,1.842209047824917,4.467275797120832,14.941183181998737,11.586858621972503,6.728649547187722,0.1907068647859851,0.327556578185277,7.277841067772935,1,0.162627827500616,0.2398056868304874,-0.0848904808686121,0,1,0.3713163091284362
IPO_0201,2023,Financials,-0.1037919379967865,-0.0262879423945304,0.0075373395259168,0.9095619646831388,0.1847385785220049,0.23756555318533,0.2638849884673458,189.23174532425784,-11.911897817599286,16.27535895080586,1.1468290567590318,0.3548233808670716,2.1088237090768964,1.311076348164291,2.3400084249139708,0.5029585832022668,0.3695597099161948,0.3339337455606763,0,0.515852563483992,309.39900201242034,7.458196229341837,0.2678400081208206,0,0,2.473667549837716,7.753596553514415,21.07845543396928,11.94829277925478,1.3113221999535063,-0.2,-0.5023019531465058,8.333747669650808,1,0.1187418579942332,-0.1013179863704325,0.3601962195847631,2,0,0.39370078791894414
IPO_0207,2024,IT/SaaS,0.2138339759265271,0.1851697604230114,0.0297049477662054,0.8051346150441907,0.330680256865309,0.3444762237650489,0.0415951476980814,62.47570981297525,0.2765875721163362,3.417124382348752,0.8890423777096326,0.3776369723284716,0.9847537617925832,0.6315695379689727,2.173627220593987,0.5862515907163669,0.0276789233908891,0.5326879412933276,0,0.2443438748707164,785.8435155734566,7.213772856605617,0.3463207850740186,0,0,1.0564076087628995,3.57809913055464,0.5690257361120334,19.7384168666256,2.1191985703610547,0.0734575250084845,0.6104237925819302,5.689073134758043,1,0.0557941101622183,0.1328002891876473,-0.0564440444668276,0,1,0.6666666666666666
IPO_0219,2023,Chemicals,0.118741705911791,0.0760929839924306,0.0290540161307229,0.8204788913474723,0.1163674872798967,0.0424580243381181,0.0059791614968951,55.08630905075255,-6.757571096246972,10.115774681146902,0.9758668312125556,1.1313282766955726,0.7073509349232843,1.082880076309942,4.182686214924202,0.5118776071677171,0.1297079495904604,0.5931041557056167,0,0.1802730505108932,218.0758767057432,6.489197173647797,0.39044364940345,1,1,0.4434050788314123,2.3452742452770194,6.925383855934801,23.529478528611783,2.6218605265091037,-0.1717529514682353,0.4832956296296411,5.603281578643911,1,0.0559471293532723,0.0718542083168259,-0.0478273212234581,1,2,0.5447941824147079
IPO_0231,2023,Chemicals,0.0866688832057923,0.0650115646675304,0.012387161193998,0.7173199458428727,0.8335081248799626,0.1417674321807266,0.1436559664400874,61.00919975673423,3.3045616634616084,2.529599525150472,0.8156856544409338,1.5647626252186346,1.643297090504716,1.897491977227472,5.352804204040142,0.1870163535491706,0.044044308168446,0.5467633875077096,0,0.6990004688111608,708.7040400519613,6.378218974190895,0.3233763162722484,0,0,2.143807596621176,4.814817096757876,2.2044580812065107,9.912445801523312,2.019520611551472,0.4617173985086527,0.0802704958488093,8.981819527743998,1,0.1189884845348433,0.4101894711272835,0.299608333289372,2,1,0.3713163091284362
IPO_0263,2024,Pharma,0.0073703236221649,-0.0512176252242279,0.0603487178406451,0.919555869880796,0.3714221765155738,0.1077085744177497,0.1813479544055721,116.6869536524961,-7.371561488210151,18.173200656184747,0.9065960393817412,1.1866731314637662,2.886397364690924,0.7696682023570857,2.974101505531104,0.7137726060394718,0.2410306947376436,0.4323346735487857,0,0.2268572222713439,561.0880484853056,7.841888909062663,0.4830714185980732,1,0,1.5729252739017554,4.573396553064419,1.6474833324022928,3.4359080507265496,0.3940119813542772,0.3380167948768062,0.310422002664765,6.258579375352357,1,0.0701091196179006,-0.0821368277824597,0.3302603625260085,2,2,0.6097560940151907
IPO_0264,2024,New-Age Tech,0.1668184886376569,0.1679055257373847,0.0216905109473811,0.8020581987170146,1.8880783815158204,0.2318070093274486,0.1861350111985706,40.319433314752494,-7.129721964486581,4.209018761761812,1.3051742692646708,1.3645966935696692,1.3454415123915409,0.9778088985010452,1.1289096935497906,0.0963076367251033,0.2592680372552497,0.5465563429827028,1,0.2086705200698387,1348.6747579609955,4.054747686376973,0.3090137069122332,1,0,3.486734390075209,2.7587863938246144,120.8567906119348,1.288918448138869,4.886556724685977,0.1080075562639284,0.2773363693266499,9.24296129625599,1,0.0130838188345899,0.1587711520015337,0.1427699954643314,2,0,0.38715118444350655
IPO_0273,2024,Industrials,0.2303761885399535,0.0804664930137663,0.0014726809902133,1.0926516415315704,0.1446546145775275,0.1924248137455188,0.2985261214185287,118.29740444158102,1.7565826807788585,1.2445885993501218,1.419628370550995,1.0475588576178816,1.4706886933390704,2.0319068407329017,1.4101731467803416,0.4677687531250789,0.3655521136453217,0.75,0,0.0497400270705325,1278.410800489384,5.962172519923774,0.054575972935307,1,0,0.8819835222210347,6.81224591405669,0.3624169695267602,2.084716481956116,7.391525930691225,0.6617682392387131,0.0007991459336219,5.919098638102891,1,0.0879790879973669,0.1592004814821501,0.0275157066981756,1,1,0.3713163091284362
IPO_0285,2024,Chemicals,0.179712022023548,0.1501437172668364,0.0291852913685075,0.514076130119397,0.7539910974308186,0.0924241475561784,0.077587894493706,126.15908850527536,-1.6255578717498853,14.186486567572915,1.4543014508811671,1.3542143963736044,3.705740998683787,0.9142432502266528,1.5327184575636,0.4005594212679162,0.1715855385159484,0.4947246334956682,0,0.0218230298355655,2074.808680671981,6.3438718209183005,0.2159904039162992,1,0,2.617955255655011,6.946271617317727,4.6900041729271145,0.8950267344607373,0.6928161660929621,0.2048916481771012,0.3051753253680614,6.370331910868028,1,0.1667827462298687,0.357257939192466,0.1899155650388467,2,0,0.5607476644884999
IPO_0292,2024,IT/SaaS,-0.0247112478302348,0.034303035873608,0.0346019840742783,0.852066441327433,1.3990549105755803,0.2038497853641082,0.0701367585337546,0.7920150888360666,6.728427805139797,5.9242919353507615,0.7296609681620819,0.3,0.7558248747696265,1.8134374874091697,2.030539423255266,0.2349704572047735,0.3380620641182186,0.3343466090549666,0,0.3977926255816246,532.3559344195131,6.45066417037651,0.3635911727258567,0,0,1.5713453780726367,5.14471326036742,0.801130030284509,7.68203110637259,17.673448241672446,0.6496605698095426,0.3333834329729147,1.851838498768304,1,0.0485545562651231,0.3081100068179214,0.1527500722771704,2,1,0.5121951207101948
IPO_0296,2023,Infra,0.1851917811277883,0.0341055651212136,0.0207781576676647,0.4273397675112156,1.0003389009368129,0.068299134925792,0.3631786145492391,165.80142172226516,-7.939667899659273,6.199884101416273,1.8664968110915745,1.1144810557039309,7.562181718855448,2.814619538015821,3.3509096131495784,0.4609236838400444,0.1425561938883813,0.4944190168624809,1,0.359763902747869,300.8689661283449,5.857777660356995,0.0443096522776797,0,0,2.3560659369251398,5.598721413884682,5.006855021263739,6.101394163742104,2.6353561784742405,0.3295010029107694,-0.0502424012600119,5.009044489242691,1,0.0572432945783905,0.2068239096262324,-0.1660029911943251,0,0,0.7441530853985755
IPO_0301,2023,Auto,0.0300431656995927,0.0718064469884892,-0.0020939460591935,1.4838117804019524,1.3130827184414275,0.0821650121158855,0.345976589933974,17.42744604353266,-1.6662213465382685,1.6240392053043065,1.860456732932438,1.0525743388114266,5.484712396056987,0.7265957775484662,2.9992858072173534,0.2051121906535056,0.0026250571955348,0.4356100598890566,0,0.0968677477827674,1335.7586412563253,6.646473631894177,0.0188218667531126,1,0,5.270740032742346,6.556078225933019,3.893928205673985,0.5595818980459581,8.006213967450325,0.2851418506441406,-0.4273434908795588,10.0,1,0.0786627955405911,0.1787299378711093,0.5280724100865298,2,2,0.8051574258668591
IPO_0303,2023,Realty,0.3457018823103794,0.1690825490281169,0.0150888929532493,0.8455330660540147,0.2657644610038557,0.1757695721276555,0.3515629830062504,52.40436919767845,6.68484513447825,28.3817860475641,1.928370755837156,0.3,1.5817840546788176,2.437924336745973,2.025400450096276,0.3941786349353295,0.2542373775722669,0.4537203305659777,0,0.1921939734083315,4848.5049366999165,3.6997833700779497,0.0976728952447686,0,1,4.036958045832986,7.070365781764396,6.190583123910083,0.9861670459013584,4.087403225073041,0.4588691454507372,0.0066673356027837,6.891257807400946,1,0.0521517544456917,0.0190435154581921,-0.0931886327877283,0,0,0.5607476644884999
IPO_0318,2024,Financials,0.4018911766011345,-0.0358022600001952,0.0191193949339763,0.5174691398191884,1.8945483014497768,0.0596517462776159,0.1911398996174372,151.7673125418948,15.74589793161105,1.8854209253970915,0.8602386044362986,0.9808096468762416,23.1737640759298,1.3209538845728168,0.9705580065159962,0.6034188090968334,0.1609847661545486,0.5362715399714185,0,0.2453820604487351,144.084265138042,3.751845593180208,0.2118154230662134,0,0,3.670433884436256,5.761122424953356,1.078840703366841,5.471766340254373,3.535972870530056,0.0898529625055516,0.2553840388222083,6.940843408885976,1,0.1328247592788239,0.0908318339581261,-0.0540300882704434,0,0,0.6447726526573149
IPO_0323,2024,Realty,0.2950234307676365,0.0527385468113537,-0.0038382003415938,1.5142394053958654,0.145485701211369,0.1021471505242233,0.1471294613497437,100.9231276602626,0.1169600574960791,3.3120646002679206,2.0682220364460417,1.5666268540415835,21.218427276155747,2.037387431163278,2.162092299723878,0.3871385474367566,0.238154119088589,0.75,0,0.2571374213614445,674.1001236255922,7.21719269853872,0.4986324648229586,1,0,1.1008452554535757,4.071941447745583,4.514004768641149,74.30127044859157,1.775640184597242,0.4244904306941679,0.2207988281658268,8.830598019436922,1,0.0220658652293598,0.4551487160285061,-0.0394289516023967,1,2,0.8333333312637277
IPO_0324,2024,Realty,0.1981766923949192,0.2799685240021145,0.0013340488714548,0.521756946590638,0.2359000631749588,-0.0652365822854285,0.0228241648116722,150.3288522871971,0.8514188268946881,3.2525496145385224,0.5559394075101252,0.9675899275555202,1.2587319233344807,1.1856835531515686,1.55735134967872,0.7991792506138314,0.5104083799518123,0.4735076779932898,0,0.4593936048451533,1711.8536168278945,6.567145131400695,0.0701391419362773,0,0,3.5786845825193367,6.017422625783642,2.690158507595616,1.2180030061713023,1.0972097620250405,0.5375269861141179,0.185037669947655,3.367542090756502,1,0.0427151786216872,0.1540481271873189,0.0191059449331511,1,0,0.584219442058949
IPO_0333,2023,Consumer,0.2805118863303285,0.0537249361305125,0.0108146635573364,1.2291765163220327,0.2821239009656364,0.2249550538926146,-0.0069665442070304,77.36754341601213,0.8347114144205212,5.427863953796165,1.194591853834868,1.013592817876265,2.2632730478425858,1.4970025544343386,2.327424460565002,0.4206479423387052,0.0978341642985387,0.4241628303976278,0,0.2216771296331988,1718.788325069213,6.637203402982959,0.056019399493842,1,0,0.434521703154222,6.2700099118676,0.1372747796939954,6.5434752378787655,1.2285179816087533,-0.2,0.2741718634284399,8.860791715116314,1,0.0537355671088339,0.0067213599960664,0.1808777369012607,2,2,0.6862074311156531
IPO_0336,2024,New-Age Tech,0.2368263905187591,0.0768837199978402,-0.005714297455388,0.4435129876799096,0.7578278681671455,0.210552520522431,0.0064082690608566,136.5005630423227,-3.0275008094570666,3.15208757771415,0.3915826608324871,0.8866332168333996,0.7994408026642285,1.7627242394794156,2.9832930889283653,0.8163113254582595,0.1428593909021793,0.5572012207312174,0,0.0238845051269151,87.24351832454963,9.072643514810265,0.141327767324307,0,0,3.7000526483429264,2.8065711355446563,1.4530429028292084,0.7415705346190294,12.760451590518173,0.2088101838007373,-0.3816164183834044,2.9956440057344955,1,0.0729673684437264,0.113052708636058,-0.0625484247812821,0,0,0.37500000209547574
IPO_0339,2024,Realty,0.1048882884364625,0.1412792575515978,-0.0290555722378661,1.6579912120810238,0.3600607337896763,0.2772238861772098,0.0850572980224601,100.8459427475656,1.5116161143127411,4.124627291185291,1.2167280730562138,1.5709847011741331,1.700477068036847,1.3098095303441648,2.493081534895366,0.2521181361709767,0.1393601555286549,0.640742143335455,0,0.2140770214966011,709.649202868179,6.543475784804489,0.2356556541384954,1,0,1.4178809095615683,5.498498852322362,0.4034631654845022,2.3122965473773807,1.6728557157739845,0.7356695848722268,0.192968013872466,3.2996635628724458,1,0.0900216520618738,0.2541873043685514,0.1118493102932428,2,2,0.8749999951105565
IPO_0344,2023,Auto,0.1389224241680644,0.0477259095107579,-0.0076417164561782,0.7733845198708929,0.6355107778862864,0.1340387332479327,0.259649847818629,81.19891615247083,1.7408697857484987,3.4804606910646414,1.6671414119517445,1.6679822317929864,2.299394859875646,1.107166481461772,1.4395895436215134,0.634584027713963,0.0057187493432734,0.5803837593567218,0,0.0631687640616035,1306.740790365333,8.335833190475002,0.1665400997088111,1,0,4.308235454757717,3.806977156963821,2.4156695003694004,3.245273207821769,2.145718846437937,-0.1362135586386417,-0.3343046783089028,6.112519029070918,1,-0.0005259187386642,-0.1014145278021815,0.0424594494920871,1,0,0.3787878744776257
IPO_0346,2024,Pharma,0.2729552948223718,-0.0170705929059075,-0.0415419959389062,0.2256286946461442,0.4316040738955572,-0.0238815462520931,0.2001550002343919,61.76314043194961,-2.720883617259505,3.159256685178476,0.8022225817871057,1.1224046505498677,3.934886227681312,1.6495875535368405,2.1401639114895725,0.1214850146958285,0.1087170809210408,0.4758683035630264,0,0.2023991360020446,115.27896750087004,6.038327272054599,0.0954251036946989,0,0,1.286682297624551,3.9956456304719614,1.4188372313019977,1.1442805650481382,9.635455030326888,0.1816166174936619,0.7370782681040925,4.77430262484868,1,0.2123722767643686,0.0595191634323303,-0.0988425415385469,0,0,0.3626942976618356
IPO_0347,2024,Chemicals,0.2309813041789055,0.1737852228859006,-0.0322238736901111,1.0167745058181024,1.181807829308328,0.0443755007334804,0.2325644621394093,64.0876443564885,0.8777296980752094,0.4049770380433091,1.8245372480983924,0.5005801890513251,1.402924757296605,0.7939936032955549,3.1386869577976824,0.6060993987556302,0.055896812830238,0.5525383379924614,0,0.5156783622802423,1620.7068856465826,5.31554037156894,0.3374693117697647,0,0,1.0471657960601004,3.356511615922684,1.6574274239877342,79.56805670437254,2.63091302896057,-0.2,0.0491120623332569,5.961167163135041,1,0.106429672931842,0.1026987634687095,0.0902044998829399,1,0,0.37500000209547574
IPO_0354,2024,Financials,0.1854089890196693,0.0476582154640085,-0.0065369694629662,1.0564456976112002,0.6602134955287272,0.1688710963411217,0.1124690787637945,115.31012299667655,-0.0057513017782033,2.697750245217588,1.561870773990945,0.8350608845280416,2.699321601119132,1.809768075882995,1.6326092707532094,0.3714498685176082,0.3085885937560071,0.3512995390632597,0,0.1308355578184442,174.3517183106064,6.246400975530876,0.2315692831768173,0,0,1.8898377842186465,6.443678256937418,1.2796358538314825,11.861237141899212,2.452420868858043,0.0371780773102984,0.5314730501200788,6.819633752927542,1,0.0416436465054413,0.2152056515700697,-0.1220861221630917,0,1,0.4615384647126733
IPO_0355,2024,New-Age Tech,0.1793050541663482,0.0958620251668557,0.0046632655253314,0.4869277986568202,0.662477798975194,0.0795840062425484,0.1767144376886205,101.60638239217224,-2.2757649737008068,1.594362784658231,1.2466869500026565,1.227389365109757,1.0746644230542384,2.1398361648936635,6.073456433169223,0.5260429953657708,0.1133867044811252,0.6892416917926636,0,0.3282430043269986,222.4735361896093,7.588806600118906,0.1336899664263318,0,0,2.5209380947418896,5.02575653591519,0.7552100422343405,1.6860918307678132,0.660682857240022,0.0683118178197684,0.3944065082250333,7.819596766125392,1,0.115454222973396,0.0207519469250778,-0.0232350976488479,1,0,0.6800518123990777
IPO_0357,2023,Auto,0.3581451589081681,0.0827303256299229,-0.0254439855038285,1.1842088426430046,0.2530945709444916,0.2408586801613147,0.2267876100065112,98.80209961310544,4.711695193928918,4.297834008979787,1.387089963564956,1.3665337582964938,1.3504762023568655,1.717880911968518,2.040549976159733,0.7372017771200288,0.0769821541038067,0.75,0,0.2500679535021707,2280.6057124627737,5.38537783750113,0.060224303352101,1,0,0.2748955417337608,6.482149525356506,7.153578510622893,0.3966410547915811,1.1395998874983426,0.1114628749693564,0.1115405235082613,5.854733083426012,1,0.134609531573759,0.1670169356002567,-0.1603432841335097,0,0,0.3538697137583832
IPO_0360,2023,Auto,0.2527741668818606,-0.025358298851201,0.0070494473420631,0.5381987451853202,0.2952840228623898,0.0001104720389857,0.3444823248476646,74.09574532308915,-8.688494040443246,23.941330362955405,1.2417997574998214,1.041460110463812,1.2421304087452427,0.7132996295409736,2.104212749830052,0.1599079023978079,0.0554974739740919,0.5232380604459801,0,0.239431212425044,1105.1894703244225,6.953329614040462,0.2853195571982029,1,0,1.0201144091762098,5.473838816428867,3.769028638812142,1.5656760700096837,0.7086990417086803,-0.2,-0.305600350529926,4.265551347647247,1,0.0927266245256874,0.028254301918668,-0.0484497667585213,1,2,0.6312625199226851
IPO_0361,2023,Chemicals,0.1008123544013529,0.0486791406271333,0.0001476190519945,0.5867466517419425,1.7244002907004032,0.1492273718894318,0.0773919536427607,3.710264750766626,2.621124612217357,3.5215012436901083,1.5292527210278637,0.9996044717646556,4.741919146706896,0.5,0.632035867073913,0.3085497589475923,0.0487795906177038,0.75,0,0.0463549120017869,286.4845500365546,6.446735084753114,0.2049573954158969,0,0,0.930637494811828,1.6969583656354523,4.546456534164046,22.918723123588173,2.2152817168061967,0.2752961299500822,0.1711349734295701,4.295593186155216,1,0.2230756288006061,0.2830064964368371,0.1228472881226696,2,1,0.3713163091284362
IPO_0363,2023,Auto,0.3279204475441151,-0.0194667438040894,-0.0146620385531655,1.4828874625832775,0.8715552091068324,0.0585444953206077,0.0517419066649923,24.529527242505345,-0.5731867891357174,18.67195309534156,1.090926936211126,1.4161720858736937,1.3296923573823225,0.79659294971069,2.004140834911162,0.508549973598086,0.1706670054181721,0.7247633180991084,0,0.3090274375926319,856.3856585748171,6.569425338590212,0.1461473154230535,0,0,4.421899930467856,3.8780117365341455,1.0162205676074112,2.911015228016105,3.541103535774218,0.4020048957508627,-0.0211901878887174,6.720523480674867,1,0.0399676574783552,0.1561009794760107,0.2716826485918374,2,2,0.7575757548390889
IPO_0374,2023,Industrials,0.261389169493794,0.1151055216085697,-0.0041616360333625,0.793041803473458,4.911617446930181,0.274283038386824,0.2454533696542082,35.01369188593668,2.768457112939543,2.961853494657076,0.7104361781162628,1.2470812916718854,1.7306597339860506,2.970904054148248,3.268078423717172,0.4862154650732081,0.2542419970986504,0.6702838780164211,0,0.1866815676090102,917.150304805464,6.874288850946289,0.086974539458192,0,0,4.106634951543184,2.603810214282766,2.2860388334158688,0.7184309699815213,8.743179707144584,-0.2,-0.1784326294312641,5.713184006610904,1,0.0329804676702325,-0.1172642634777309,-0.0191512891947608,1,2,0.6097560940151907
IPO_0381,2024,New-Age Tech,-0.0265973483280551,0.177935324443825,-0.0032106797603002,0.5458801353313565,0.5905040123051265,0.3281038459242295,0.2185192306729619,65.69525264016477,5.384287797843204,4.858045382508582,1.0079558310217236,1.4455192057649753,7.749158620488477,1.528934748052078,1.2459075160356514,0.5898992454137562,0.5654786026130182,0.5091635806437624,0,0.012432967548849,121.54333339532089,6.562002427703455,0.2536636565954032,1,0,1.009056680988729,4.841060163724494,3.934872999271428,0.0901658622346518,1.0144602260475648,0.2166906009646079,-0.2380881559292457,5.56125856385518,1,0.1615489717823551,0.2564369946959671,-0.0283238077779335,1,0,0.6800518123990777
IPO_0382,2024,New-Age Tech,0.40080218497352,0.1403037034888242,0.0067918553473686,0.461762795925818,0.1227354071642727,0.3123587177972886,0.0144339793704428,80.84020451078295,12.999261691743738,1.5986591182228966,1.2021157073149416,0.9080390369300158,4.651015486537416,2.0205140574600624,4.12863523375256,0.3234013010289023,0.1150652192706821,0.4131090711838313,1,0.1199570617041144,733.5502561812106,6.894934436686414,0.0830764645204506,1,0,2.793572935538975,6.494444893329598,3.196318259350781,3.169550464579265,4.208427281568661,0.142376628060153,-0.1875068527909536,9.5066027709811,1,0.2127792235430062,0.1099169073172044,-0.2560959101005515,0,0,0.6515444071709886
IPO_0387,2023,New-Age Tech,0.1569472343456973,-0.0040960253314746,-0.0201882613341226,0.8242160802618932,0.2076846071452122,0.2144148337151982,0.192319944726975,56.583736202541786,17.734949143301336,2.441584867215148,0.9663510572449618,1.6672282216499057,3.756258966699903,0.8575248160641538,3.074430776447135,0.44027982161928,0.1284611051763239,0.3343388794363284,1,0.1407335141656086,1028.8680948057822,9.109960702115696,0.1328049723167218,0,0,5.002195326030488,5.589065724073549,2.0282485727647885,2.946777147281888,2.401005739291967,0.1616004156561545,-0.1688929965880557,8.403322998109825,1,-0.0095863007326486,0.1012943594012887,0.0679574468205889,1,2,0.5262573257994374
IPO_0388,2023,Chemicals,0.3981075272186187,0.0277915257801386,-0.0212633543639987,1.1233335163082423,0.9716991866674082,0.0765926531856471,0.2303377098480805,11.878919516860968,21.552802418610955,2.813020189617399,0.7208016822857106,1.1182231284454385,3.3531100452483686,0.969223831630804,2.954770621349029,0.1590816910756961,0.0128344085884694,0.5674718270839315,0,0.535976601681746,808.5186408804256,4.692178824561896,0.0995553673062116,0,0,3.6319108993523335,6.884634277871635,1.0394436209788165,12.37653265231579,8.567307328337147,0.4004696477165069,-0.229195361362483,6.619287616381351,1,0.0326786891185951,0.4191535549214373,0.3265554384688958,2,2,0.7350690758874545
IPO_0395,2023,Financials,0.39676889353898,0.0165797170065988,0.0182389517886103,0.3911455127498702,0.7061231868354877,0.2142152952299262,0.2140642709843074,80.44670728486085,1.0994407442560736,13.658830610120804,1.4353280602355645,0.8978100072013995,1.4891898015005902,1.42357209294233,4.059930964654823,0.4729125629834295,0.0357542871086456,0.5405753886818033,0,0.4335547282107715,777.5504788197449,3.904111814932612,0.253141215833324,1,1,1.6692547075373685,3.948975139055322,34.735313616359804,3.873256835409388,8.255476695518608,0.1708001186810467,0.2454360102944386,7.665125579149938,1,0.0080908980148118,-0.0041779183093639,0.0544447814930795,1,0,0.3787878744776257
IPO_0400,2024,Industrials,-0.0589191389582291,0.2264873406502111,0.0166833814670458,0.8696565330121482,0.2081434494885536,0.1937673300193106,0.1990311094555299,72.72493338654124,-11.169869511759844,1.8431813099570693,1.2387985589257096,0.5013971088824403,6.735375919601554,0.9360833254167408,4.496396143957324,0.4723475069428702,0.456707302424747,0.6830832993446788,0,0.0794799733847154,497.2069851798898,4.494497522768819,0.2622045746367964,0,1,1.4400614086620998,5.897866205086327,0.8014099443851371,17.87604014498192,1.9995465731630029,0.0697379186528285,-0.1645326835888473,5.244229532387042,1,0.1103913067980635,0.4009644833651964,0.0106863337539179,1,0,0.4237288114617728
IPO_0403,2024,IT/SaaS,0.3778519796612094,-0.0177442039023652,-0.0356323913732605,1.2815437590226777,0.2234556350180254,0.0601982246585796,0.1523309404442458,57.22512279158214,0.9011761046438178,1.5556861117192902,1.1233682921904022,1.3471883030215768,0.9582052381107274,1.2765709045943103,1.997664481025612,0.2734517295365045,0.0337760937430498,0.2400041105718893,0,0.2292026288237426,2263.0835588262144,4.74677746804036,0.1760042815051794,1,0,3.46381050161854,4.682161523926955,1.1145451752864817,3.3086487463416647,2.742119611811937,0.1586141984894314,0.3760302367680944,6.405158425936081,1,0.0910953385942788,0.0136990314733113,0.2012305292819473,2,2,0.5555555481969575
IPO_0408,2024,New-Age Tech,0.1573128529880436,0.0976351230790188,-0.012624768948721,0.1009801123044766,1.6909532563399567,0.2301178372281729,0.1782871135371471,142.42891240426454,-10.146921180319929,1.9862562817513816,0.7046098964166301,1.2753620813529478,1.666373271308344,1.3385841596061463,6.914789634479336,0.7693850507179915,0.0436785391603826,0.75,0,0.221914582949478,1466.1776206667598,2.7793909482480834,0.0525129781484173,0,0,2.0393374167077787,1.63170768891372,23.249437466660336,1.9904086553206015,3.632659618435671,-0.2,-0.0309390671819251,5.738587107181553,1,0.0822724061372427,-0.2393848978268541,0.1162623533363368,2,0,0.6422018323602545
IPO_0416,2024,New-Age Tech,0.1384949864871429,0.1712412173186343,0.0049549951099168,0.1689745845736738,0.3070678406320673,0.1041591725446842,0.3170797721727563,52.687863578458746,16.565060777645765,3.737465253071537,0.96890610494425,0.9601098802748907,1.0672514413141443,1.3945277284842346,6.255865999643129,0.4022444156516522,0.1278776179762667,0.6102364881283068,1,0.395469991036832,1269.8830447138637,7.737486625021484,0.1031009818884004,0,0,2.1330320874834943,7.438762693614269,6.1944386553741495,0.3780728487313072,2.9528261413113217,0.638804378805131,-0.2906141129885209,5.10599377500539,1,0.0492633708949941,0.4848374388745302,0.0173572197338213,1,0,0.7441530853985755
IPO_0420,2024,Financials,0.2070545914539597,0.0659388332122612,-0.0102398304765398,0.2597028301232547,0.2357278845438418,0.1207295835578513,0.382747204433761,60.872589536346666,6.989410611832915,5.718844246317774,1.1948524933960762,1.24023515474527,2.9671422981808173,1.6698590956206785,10.287039858893738,0.5468298134568721,0.2512735620546681,0.7021043271401064,0,0.5714014067740492,152.72143690614533,5.213551902861185,0.0687332223278314,1,0,3.6970296312891895,1.5989562624152036,1.272804675168597,0.4782609108098528,12.096987210757591,0.0233432823425238,-0.1767212621309475,1.686566167912142,1,0.096385061493201,0.0210081749749499,0.0311172104762654,1,0,0.7246376803665279
IPO_0426,2023,Realty,0.3662939995220716,0.0545590277406826,0.029637502685786,0.6408658048180953,0.7095224132560303,0.3390458993274452,0.1797328308262864,12.775727725822826,9.597439222530872,4.120505602916136,1.9501072345632795,0.960308680194335,1.163515464477185,0.862832138065476,1.7083367474990072,0.8396371775195723,0.0897216375814802,0.5709505123414632,1,0.2369767853806777,2353.8293758801083,5.69851537832205,0.4340406946997603,1,0,1.466441936861598,2.956377485570051,0.9969808228181544,19.803705724709747,3.737520999865185,0.0231756907595494,0.1889679366336242,5.6162591916466384,1,0.1424772643096649,0.0133124186490348,-0.3130055467687394,0,0,0.4687499978608685
IPO_0432,2023,Auto,0.2851084735289378,-0.0636732740716145,0.0233884735329397,0.6785776735450816,3.884733122521002,0.1689640499022388,0.3203930483252868,99.53589919928056,1.9918941397070744,3.1715246818121137,0.3730748084789401,1.7656464435078427,5.735844786222341,0.9187428061624362,1.6575164551358188,0.5432466260298094,0.4155074487222339,0.3801991565880634,0,0.1364247166638108,1189.9551187159186,6.016389893717276,0.248890602394167,1,0,3.935525190324944,4.653096698349882,6.050314513948909,0.5184493631992073,14.4974417088954,0.3362578869713355,-0.158264118318072,5.743698011929281,1,0.0724976431769942,-0.0805235291511847,-0.0185937538666614,1,0,0.3626942976618356
IPO_0437,2024,Consumer,0.4031097434528794,-0.0662252424038598,-0.0070292162311801,0.8706030333908098,1.6194314450620528,0.1597593260851813,0.0417544741332408,1.1669425370929076,11.524197639645136,8.40482784542451,1.1002956949115286,0.8910534563034824,3.487899890580048,0.66309617326968,2.1723999730912693,0.3873427199778918,0.1130358764315026,0.518653630400048,0,0.6544240663035665,707.1028759518445,5.608583584945758,0.0650539163641312,0,0,4.66246072726822,3.037230871002018,3.140481266610539,20.11089965430094,23.23126034671006,0.4073252403676781,-0.0545783137653572,6.5269188129555165,1,0.1514202224797327,0.4354027056011105,-0.2130721774302654,0,1,0.5121951207101948
IPO_0440,2024,Realty,0.1439344204394485,0.0894306515897187,0.0210976113172475,0.3374104027779121,0.1908364467561541,0.0833984186039603,0.1222725338516,77.1139288334774,-4.256622989346897,9.311858913494264,0.7755361441117286,1.3125533633882212,2.150601565286092,1.6176858644449368,3.8218457726038615,0.8299226266054524,0.0819644645777825,0.75,0,0.162049390076693,959.1713053156708,8.075172011735336,0.3992044895350277,0,0,1.5318917983210645,4.989583561209145,13.380219895739494,1.977400348116265,6.031822449552565,0.0160129618600534,0.1499423785896405,3.379073624132497,1,0.1443325320553359,0.1379606070429931,-0.0261244794893878,1,0,0.6800518123990777
IPO_0447,2024,Auto,0.2475475917065719,-0.0786151510091522,0.0006951108684769,1.5634923836132346,0.7106797350334956,0.0394015050660779,0.2094688522397207,70.68744751607143,14.128200996396195,4.917902592771531,1.2636339596427462,1.3991397416772688,1.715707836111395,2.5841965365097144,4.220656643888339,0.6476255898817713,0.0438587796467894,0.4278032708742928,0,0.4085647091155584,459.4074469615579,8.442609856077146,0.1521978918566909,1,0,6.796376656678448,2.791305471227425,34.36327949665949,6.27293922115962,2.2548257572228256,-0.1171335432752029,0.1458899712978084,5.848400775892461,1,0.1459948447758491,-0.3114249017318691,0.1746129823923196,2,2,0.7960344115310132
IPO_0450,2024,Consumer,0.1446255956737721,0.1415646729587183,-0.0310095738346836,-0.0720602255837624,0.934883345400568,0.2346125245905606,0.0559514837671081,102.61134822051191,-9.174983274262289,4.856701726551476,0.7922026138841146,1.059830516872861,4.532593165496991,1.3695661195467084,1.5041424080618664,0.5284125618054032,0.2868467872040207,0.4624149889766495,0,0.4653147223311545,442.6834716056367,8.239329662477815,0.211254137483649,1,0,2.5376529017049454,1.912043085541539,0.7282206783056978,1.0206618498988602,0.5167577392867106,0.2759380961352787,0.1364828225038349,4.207211944633844,1,0.1152649659787418,0.1896571246819351,0.0752728731182039,1,0,0.414400784170441
IPO_0451,2024,Infra,0.1523736380227167,0.0196286058105994,0.0428609777084508,0.9775410219338792,0.5543333865463111,0.3339502002822563,0.1421698171059916,14.861546046660848,5.678642451718613,4.8842759977441546,1.7623234993934096,1.4045865660755965,2.25957045102293,1.2033201199904977,7.887092610061579,0.3700854067407294,0.0429291677930706,0.7112441775837948,0,0.0931362016735921,1708.9526912420638,7.40498207082393,0.1710073744379759,0,1,3.7866585673643,3.69194925029192,7.493369120094734,0.0781950612202056,5.306326086576619,0.1408182689435655,-0.3049171919279955,6.805878681922725,1,0.2259112455023354,-0.0252027484432099,0.400193117590804,2,2,0.4838709616946381
IPO_0458,2023,Consumer,0.140538986331547,0.0945928057150526,0.0158439057144851,1.6049353415601575,1.004210259122699,-0.0065128394500401,0.1798979634739234,147.87458211329815,1.1959293054864122,13.681791970524412,1.05547490215081,1.052962206459387,0.7915630971273063,1.4476087304310314,4.223246618286538,0.4505590151394822,0.4961982060408325,0.5263844692008638,1,0.5599670902219354,406.6289793121847,5.614879561614009,0.3072783167266102,0,0,1.590215236322707,5.072866671506713,2.9756169113228164,36.17606633839099,5.429853924528122,0.5220110959604608,-0.3186942636673144,3.624625347279299,1,0.104711406212349,0.642518344807389,0.4381814018973922,2,0,0.38461538593797284
IPO_0465,2024,IT/SaaS,0.1666805328431248,0.2082623148572847,0.0172888024578494,1.3045798011069385,0.5795407906745258,0.102814035227858,0.1714967287151789,38.67402875432627,-2.7511626316458804,2.0736747527297523,1.354436487582913,0.4981579085344267,17.8472800390463,1.7179343297599483,3.6511745681492784,0.2446133103745278,0.0354133559812799,0.644846470313753,0,0.3515132988476889,1741.2004309564163,5.849897111559459,0.5261536188044583,0,0,1.1597364215657195,5.04877711263531,0.1760533989491456,6.057158111955622,2.4280939978670752,0.2804742685078181,0.4651832312864384,1.683134535287622,1,0.0056931658915402,0.4432556184982101,0.4156186959305566,2,0,0.3636363665919658
IPO_0469,2024,New-Age Tech,-0.1202318616658018,0.1603163222160714,-0.0014108075667509,0.9797708827857692,0.2807590061388164,0.2380923463199198,0.1521240544677043,14.502233852251258,-4.225394274222928,6.503895648318293,1.364684915918595,0.8699126918316862,2.7197135617389634,1.3287636134597796,2.363526786352995,0.1349243697900724,0.1853256542387722,0.521068306016486,0,0.1766252741323401,949.3153236007132,5.869808667646521,0.1516753400920654,0,0,6.795758912504029,1.1884773494040233,1.719884502194746,0.2603477925046408,2.072941731087265,0.1916054527152063,0.4089882146434739,6.094678806930635,1,0.1279446220738873,0.0352926909437868,0.2301624228120615,2,0,0.36075690108810765
IPO_0476,2023,Consumer,0.3345293104729096,0.1429102551913366,0.0149957620859159,0.9429172887594578,0.5314873246822093,0.1263750367376311,0.1370168919055452,67.87653719476235,-0.9537063317504836,4.083540986961885,1.435470844523088,1.6882294956898454,1.8753522162905012,1.803060329952479,2.841346581763362,0.4154026282782228,0.2484192009801442,0.5198722320788004,1,0.1222356555316749,3127.987330951393,6.885644601057543,0.1709046762244468,0,0,1.8820183228588616,4.663252311122671,13.026060731867103,4.0533671537805125,0.761149160285991,0.0644487964440408,0.1170488858319143,8.191975697823992,1,0.1389420460154589,-0.025953484636187,0.2340787584781674,2,0,0.682852810334809
IPO_0481,2023,New-Age Tech,0.2846725258500007,0.1280102453878407,0.0127807518086752,0.6648146951694465,0.5603294810484287,0.164549304703531,0.139517162772339,70.66281838986808,1.4881147549714782,3.0221746960540856,1.3073797674762258,1.87352575949827,1.949196094858048,1.7446921634870696,1.85029071568039,0.0986571249257521,0.3054849231787537,0.5194053689511291,1,0.465420458981896,353.9606699958238,4.649074925613673,0.2338998313331833,0,0,0.3783235354433725,4.168131036449991,3.517446912870017,40.27156417437825,3.22088724796055,0.3640277946213265,1.0,6.065613421863811,1,0.1290755328911666,0.2821562977663833,-0.2521576667496901,0,0,0.5607476644884999
IPO_0490,2024,Industrials,-0.0460988471659571,0.171927907187282,0.0386476717068019,1.655955238733745,0.3813285775565319,0.080534064662114,0.1076077526071449,97.45601703229848,13.058619567171718,1.975399290401849,1.467876828257051,0.6416900656401938,2.730247668185615,0.5426370998322994,7.21239750746228,0.2217051842586593,0.15792205559812,0.7171819736321331,0,0.1238312704594393,4396.310491949485,7.654923724057118,0.0257040563908007,1,0,2.2599933801653185,5.519186508458176,2.098772333272564,8.036266347888514,0.6672294203358079,0.0818639229702906,0.1060644284433399,7.608999219377029,1,0.1412063943088198,0.2496123813800662,0.3882455618582287,2,2,0.8749999951105565
IPO_0491,2023,Pharma,0.032226295153376,0.113190838073472,0.0276713740575125,0.6047689196531447,0.4531297131045741,0.4020708692157969,0.1691711009094106,148.92816759839326,-0.8306403005393057,4.518340769425483,2.134018672419343,1.9189626255439756,0.9962092205626591,1.657151699426949,7.040293045132834,0.3939494508787647,0.3626028488415636,0.4050224662970495,0,0.0913266111201536,3625.6003413024655,6.694352061252552,0.1777995478209112,1,0,2.691186313554787,6.5760560116117,2.560319347976628,12.02870206162169,6.236920409170259,0.9059136603651085,0.1341908160731742,6.785451473992438,1,0.1659793730051884,0.8188950668366859,-0.1237209167761065,0,0,0.6800518123990777
IPO_0498,2024,Realty,-0.10621956198379,0.0450554765179528,0.0177987233160158,0.6868781591880859,0.6541112308744315,0.1053874391647116,0.1707108362582421,15.053440993875943,18.56866079373292,5.690306506934618,0.8262038909688403,1.685006933047991,0.5635417821436707,1.140270876091417,0.6614259709118572,0.5804546080566835,0.2088272454609856,0.607199847268679,0,0.6049721302131037,700.3728362296413,5.955950936692279,0.2673101676117876,0,0,1.4755377556852387,3.965538280714834,3.5187468187103605,2.4311305017046925,0.4409962716103706,0.3063414819802659,0.695536021066897,8.601307971889453,1,-0.0187449902776081,0.2881339662387875,-0.1433177582856745,0,0,0.3626942976618356
IPO_0502,2024,New-Age Tech,-0.0600308773565216,-0.0562716249153202,0.0126254278016195,0.2840067799615194,0.6955032962029624,0.2820910002669872,0.2297361459020024,-30.0,10.658744435481978,7.184740486347352,0.5929917012419067,0.6866707348245977,4.656249121773435,2.223465908338551,5.0683169630910365,0.7103056762691364,0.0093820658030747,0.1777049226000622,0,0.1608048977602367,1446.4117492300447,8.308981263360678,0.1885391532472208,1,0,5.29083191114403,1.843628032750635,13.519281227336746,2.651191829475325,2.078555887677385,0.0293741915035409,0.3368660158992861,7.153360269147838,1,-0.0280117984094211,0.0738021879251623,-0.1446809406080915,0,0,0.61224490242767
IPO_0503,2023,Auto,0.0657038312534613,0.1483863031212423,-0.0113165329596886,1.330546743060108,0.704807941576092,0.1882057574462499,0.1386888569003329,167.49645863783783,-4.1610246611255,1.6149941758767294,0.8429902917401274,1.204698437886879,4.543972911714467,2.470090922112116,5.589622794909082,0.5183295754638466,0.419878759081003,0.4232910726514874,0,0.3883787129938354,413.764597825189,4.698082231566919,0.1277667826512419,0,1,0.5412018248604415,7.033199937075036,3.7167874631971936,12.425006282299838,6.518629055214804,-0.0287011946269544,0.0674290010916975,6.502574261448417,1,0.0541984441069638,0.3139568713357511,-0.3377997377061377,0,1,0.39622641542854153
IPO_0510,2024,Chemicals,0.274928687191096,0.0981157944520039,0.0117961714898086,1.5022568485577756,0.1837455940680444,0.0878605506452881,0.1779358919667112,25.44344306349455,14.287256393941057,0.2685432972804113,1.3955486752347903,1.7292716115493192,0.8156315231860658,1.1511117071803825,1.5242906839692616,0.8757500436022927,0.3251226698848345,0.6401079278941086,1,0.2080926388247003,4117.06606849968,4.312603942662614,0.2876439766856825,1,0,2.834278999578906,2.3686984933961663,9.699880624146273,0.5102656588990442,6.387698042435323,0.5787185685520538,0.0106723213430625,2.15904346281196,1,0.0285700134318485,0.3511453264461747,-0.0230021064833358,1,0,0.5607476644884999
IPO_0512,2023,Industrials,-0.0264581248616921,0.1113388934381313,0.0248870093624863,1.3545499018670029,0.3336689253352745,0.0791040978954158,0.254599030831256,13.23686022715212,-6.841638726540149,5.498333253233922,0.6039714965158594,1.817825211352822,2.947774724363932,1.4959467435905087,8.189796980562633,0.5293703354941909,0.0908414164984541,0.75,0,0.3883112384655639,1580.523059661324,7.473996668419296,0.0632579238594188,0,0,2.2938603832437456,8.549631442440095,4.246867367239377,17.38993167159339,1.6076573936750709,0.0938414737386923,-0.1536581907905989,5.393333833388699,1,0.0567644929450623,-0.0178498351892085,0.5579809525004378,2,2,0.6097560940151907
IPO_0514,2024,Financials,0.2348045613095651,0.1059708014329211,0.0332032399060387,1.3866289158945786,0.7803124780405833,-4.204022205087088e-05,0.1135924030008138,107.01586432053962,-3.1677210551501997,9.641918855366557,0.6685522388884342,0.8804840150811565,2.592039008716919,1.6965320715670973,2.713967865995075,0.9023353837095752,0.2729737681447138,0.52032044443905,0,0.368024478397864,683.905310230119,7.256760692760372,0.0151235153923978,0,0,3.235480032440381,6.421315314315157,3.924229214321202,4.921214737828164,0.7473908843494526,0.2591896534703122,0.3407001317630678,3.7456901807551737,1,0.0371521080337602,0.2169084570937098,0.2927726883746803,2,0,0.3636363665919658
IPO_0516,2023,Infra,0.1588518153833372,0.1334286579582076,0.0174836854493906,0.3357478795293651,0.2654178384574419,0.09070741296796,0.1132487478084741,44.1432020517162,-2.982566692182597,3.493519806901209,1.2400227380787707,0.8687761040504061,4.085368753366911,1.1657856780744456,1.5090573219507526,0.4949455265602001,0.1174050873390163,0.6980958541119408,0,0.0298457101511848,556.4976847218496,7.854268986172895,0.0451996521517266,1,0,3.494840942801674,4.438191151132882,4.031377536160486,6.879845464417055,0.9233322729233224,0.1297489081521012,-0.1680603448196015,4.953964788058203,1,0.104638944423119,0.1797722056317484,-0.020154956225275,1,0,0.5607476644884999
IPO_0523,2023,Chemicals,-0.0041999821233746,-0.0340815529878443,0.0297576737583746,1.0711110310182996,1.2328497148231328,0.2216195739712675,0.1837448434861533,119.59800108741749,-0.7878886242151721,3.178771872684817,1.2236011051278703,1.4560178012040563,9.734220914268214,1.1696209844378829,7.2840760369345245,0.2884141320578355,0.3371864821162895,0.6014975311123041,0,0.1427712665668416,697.154629052239,5.223961718442755,0.2221124401347371,1,0,4.751495884092993,1.0,10.07880838072947,0.6052922394072671,1.233865407958458,-0.0079146648181449,0.1985250633608245,7.006243573018359,1,0.0797848649199214,-0.0835066989209989,-0.1643147629117659,0,0,0.3787878744776257
IPO_0526,2024,IT/SaaS,0.0212578423743544,0.0039411233083814,0.0257657985796763,0.925770397882633,0.2013633664207889,0.1507989308907942,0.2588336538358937,73.01616883014913,14.160848979334965,0.8093725853041315,1.1731240016962838,0.7549318725171759,0.6935337461823755,1.2553787344712086,4.071063238480938,0.5150829425775306,0.3319001898978658,0.3104339320872316,0,0.1372155440149582,3835.0444357396254,6.555096476557325,0.2782570674015946,0,0,1.0571631897636715,3.650456433966275,2.702982879724812,2.1360670368763497,1.0551087167920092,-0.003249655679173,0.2198324975269768,4.381646558511877,1,0.1492020146510466,0.227062856906301,-0.0995628106905191,0,0,0.37500000209547574
IPO_0528,2024,IT/SaaS,0.1070708803951429,0.1757043631143692,0.0332263397175342,1.8808995763658043,1.1231921011142665,0.1010147791410849,0.2131494309804867,43.11698309314868,10.404269199252008,0.5740847038480786,0.3839242197890362,0.4893217537912133,4.59747301963191,2.155386497343261,1.8602870880641105,0.7032750643649628,0.3062472032719132,0.5539841028971534,0,0.2713118835424822,396.8813919081661,6.341492486788902,0.207477783093762,0,0,2.3673487693822235,5.904157756936146,4.481022534882202,1.681473662306062,4.100003948384827,0.0819486822597003,0.1558872148029171,5.100859519571955,1,0.0818450838446086,0.1591231488008621,0.473664131336229,2,2,0.6508376065862816
IPO_0529,2024,Pharma,0.2430340064211878,0.1382349555004177,0.003243286427926,1.3197102108990904,0.6829436033582166,-0.0312588366568641,0.0076574573236795,49.80288925373016,1.014557633928758,2.4612924321097776,1.3737793156002989,0.529394768450477,5.306638014971131,0.5863716747592275,3.1978812915377337,0.2203295860367212,0.4230884926991026,0.4405198625606139,0,0.4039807817219099,2058.164019794256,8.942443080427696,0.0312921234569331,0,0,0.8862397946472198,2.7839363097935066,0.4633146771390025,37.32490144492533,4.101475908142633,0.6408404163353967,-0.1109083158985612,3.1744039695102586,1,0.1628582035892043,0.5277036911063752,0.2955869892394105,2,2,0.8333333312637277
IPO_0544,2023,Realty,-0.1574675666927411,0.1720278427406203,0.0236075571524578,0.5150024515608888,1.1901035650530134,0.1141990694108977,0.2358511253780106,24.233396830856982,1.5597762688776309,3.4729413135799145,0.6549954308127444,1.315115266749237,3.264310213710244,1.4454648968113144,2.447183489551165,0.7363288728790941,0.3522047909458073,0.653675280288683,0,0.3960901796957082,1160.8266765922162,6.89343179280637,0.3176071186959252,1,0,0.835106852241098,1.0,1.655304696202524,7.1045505056755305,0.2739305018007267,0.5651184559189641,0.5916719285626209,3.9931222520854215,1,-0.0055819394574132,0.2670073401731734,-0.078539447151934,0,0,0.6422018323602545
IPO_0552,2023,Financials,0.2585926431289006,-0.0053916264353946,0.0018973373763881,0.9919530005877368,0.2536523235867791,0.262948231294792,0.0773368440487467,9.673256380557063,11.37690341981356,15.498605110262927,0.9606198192976266,1.376136064547672,5.743197738936671,0.6887170198113897,2.066806394138648,0.5174803283774396,0.2251410360613293,0.4486359378053453,0,0.4082705418682396,341.32111277321223,7.952441463940604,0.2418921578221471,1,0,0.3522332813924858,6.330101244683698,0.6589978287009448,7.1336159016373175,3.963285037866304,0.3188789704036964,0.2439155427043049,5.32737831492211,1,0.1554185943706298,0.2233938057531438,0.02890005379422,1,2,0.5555555481969575
IPO_0554,2024,Chemicals,0.093502906164946,0.0086220527118686,0.0343240563925136,0.8820684011890768,0.9118940341093869,0.0442345203877135,0.1498915478763111,97.09745721639534,-18.46143790267205,5.922692251345549,0.5397162163311268,0.9069050222706628,3.1644993509391317,1.1852388474814128,1.9711845389287543,0.3355707134542253,0.3465005144479587,0.4589955446395333,0,0.2278678684662793,292.55263014316205,4.32800989105921,0.2042468400778401,0,1,2.1564525243130928,3.882695572361131,0.8100909827360402,3.0288836872540235,1.5954828843525208,0.1363374384501474,0.2300042926168967,7.673392664036147,1,0.0136449427584067,0.2108067094019619,0.1287532896751916,2,1,0.3713163091284362
IPO_0557,2023,Infra,0.0975671068304875,-0.0475328907100837,0.0068031365533514,0.8594955933200541,0.2060899143417822,0.1343936499178097,-0.0107481199778774,68.61993842098214,0.107155804413366,3.048572176602101,1.3535038371156607,1.4555375115417717,4.8820688305206215,1.8986770611492392,1.563786833302126,0.8675320922163612,0.276735139864304,0.529474829098319,0,0.3381991843860455,1525.2109640549972,5.890097193026056,0.0961265011534155,0,0,3.279076000051859,8.689349661105236,0.6975852863683015,15.648695285262251,0.713558957647335,0.5798978858288539,1.0,4.283320020532949,1,-0.0146618302527087,0.3542788529018024,0.1144533621026441,2,0,0.4
IPO_0559,2023,Realty,0.0023807502152591,0.0209451470124578,0.0038862989470001,-0.0927864522217353,0.8779252105297852,0.3741837800010986,0.0313464973765708,115.13539089781928,9.36331598672489,1.0530272950344663,1.2616060798214015,0.7026056260774327,3.111636509415149,1.2467681528874393,4.346254424644969,0.5577013617423917,0.0367741671617171,0.2566261261125196,0,0.486356409811188,2343.166268487999,4.01608862851768,0.6286833387693549,0,0,1.6835455614025865,6.415118557596967,3.124873276791349,4.207044250981912,1.3181604816551142,-0.1482640636045394,-0.0117988054843417,4.938606853564071,1,0.0420617047078655,0.1060644726374051,0.0841468943667413,1,0,0.7246376803665279
IPO_0564,2023,Pharma,0.2655805554207728,-0.002954752510407,0.0007209371227837,1.0939956854022936,0.541139410250773,0.2399825832128283,0.1323801061280196,-18.807258869432985,-2.1581756060287987,5.433265134143328,1.2543718788828646,1.6405388355009944,1.8000380520284551,1.6461409066529715,1.2906958478152966,0.6479360505673485,0.1386809646175268,0.7381783716439944,1,0.2895932202904445,406.2292623885328,6.700516578227335,0.0802593980236899,0,0,2.167453706763868,7.318911947321593,13.448343875711627,1.211928183568353,2.772070543883107,0.2619038312892829,-0.0188297374534029,6.509226257763769,1,-0.0547926850998069,0.3846587025374103,-0.1829819179473191,0,0,0.3626942976618356
IPO_0570,2024,Consumer,0.1003535243166427,-0.0844292966990551,-0.0141367342575929,1.24106411954737,0.1729491881831641,0.1421626971874237,0.1347041336336972,73.06765126694648,1.5226521555157713,2.390919567069158,1.812252985301895,1.736504787920081,4.071636784481214,0.5582060089071733,3.135913102484181,0.8513955915973753,0.3299210153433963,0.5059581419803675,0,0.1945820083780638,497.4839838230292,5.531691430460616,0.3324428249453041,0,0,1.2236414161332896,6.786997446086267,8.600657420851713,0.6052113021835577,1.7626878093646354,0.0352860950528887,0.7220264693274272,5.011389602303833,1,0.0420583122065384,-0.0215809092340344,-0.098137861940326,0,0,0.3913043485359343
IPO_0576,2024,Chemicals,-0.0539074852958413,0.2500770481272123,0.0528535344603648,0.3914755267696196,0.5762647343261433,-0.0248518029483523,0.156094213661605,132.91915169761103,12.179377282272393,6.196350857255223,1.2339673650286127,1.5609348099697211,4.212218493842614,1.486022102047702,3.2000417353952733,0.5224025467455343,0.3003507164404854,0.593081999669432,0,0.300543474264121,6362.24724875227,5.53770733589605,0.2877570608974092,0,0,0.3064983283481137,7.6701366014573455,0.2188310797877024,3.4022193275024866,3.4288948401665587,0.4102313698620344,0.0980002309158421,9.604137616534372,1,0.125162425926511,0.4309515132727294,-0.3649312230591781,0,0,0.7246376803665279
IPO_0578,2023,Financials,0.4075188985708872,0.1096296807196265,-0.0329562899979955,1.0601614148880645,0.5069365717834506,0.1750323293190463,0.0529652982342566,38.93525491101616,17.098727570047572,7.51197388520977,1.0749420402582062,1.4816894621733585,9.928285879011437,0.5,1.939843610743048,0.783687162053625,0.1317519420418705,0.243101979188937,0,0.0057409569656448,2335.3443506984954,8.085531890700993,0.0639193144378029,0,0,1.008704778973097,4.6763224277972375,4.4935199854697405,2.220949811722687,0.3617526578613532,0.249976931087329,0.0904707414228685,5.212288594764842,1,0.0662127481386172,0.2883769455960165,-0.0206765130991462,1,2,0.5478636551101067
IPO_0581,2023,Auto,0.0711912716988036,0.1072242103953209,0.0045858727178753,0.677421566378551,0.867340694818582,0.3284948122880138,0.067460574237176,154.35715397518842,-1.3566707412080117,7.986886991576341,1.058991959748823,1.303616787437397,16.46975980273815,1.019787209516804,5.9221991912561744,0.40943450745561,0.2616804630778552,0.3587753958796048,0,0.4921121968280535,698.8651059751326,7.601173879616399,0.2427368483150747,0,1,2.687162373350076,5.7143741513513575,3.4490432888633835,4.5483480788303,2.1567026719879143,0.3400968539056128,-0.0655932593548799,7.636853320203761,1,0.0933059064511792,0.3168178906723549,-0.0520843509711219,0,0,0.3636363665919658
IPO_0585,2024,Financials,0.4409472062896517,0.0670907091307859,0.0014011982423338,0.3402077459162784,0.8789638559131846,0.0513020244203928,0.2024193114217355,28.45390034578357,19.91602303714989,2.6376506461741167,1.2371692597608206,1.0279602796083025,2.075434218517195,2.0166378650882644,1.135783906846852,0.5761282950305194,0.3149231943825989,0.75,0,0.4296326828329281,544.745678828196,4.318501354606262,0.210309403405623,0,1,2.251546642318781,3.3808289057307257,0.9529485726895844,3.885255863957744,1.328401242566071,0.1954988229653239,0.0923279172702482,4.288373814662775,1,0.0346354818018933,0.204620870744148,-0.4467994498305788,0,0,0.6800518123990777
IPO_0588,2023,IT/SaaS,0.1946120119436672,0.0387607942515659,-0.0090016805929177,-0.2796069387888057,1.2850622268786769,0.4357473075464706,0.123887648254363,46.35438026790743,-8.359735827795458,2.3429198085354,1.2637134199499245,1.2456164324452812,3.020417564652494,0.9191643444565066,2.6181723094958365,0.3581115575454883,0.2221823543545536,0.6772557106474277,0,0.7092833645557902,2395.854593126163,7.1241480138253,0.0607435082296867,0,0,3.55218203434759,3.6575979540018,49.57128379572801,2.709408813024534,8.01042261691345,0.230179265962018,0.3307225230575033,3.418821225050805,1,0.1207438412248872,0.0581553731185045,-0.0507449816023276,0,0,0.37500000209547574
IPO_0589,2023,Chemicals,0.2993667014616349,0.068328509834325,-0.0019476566719706,0.9577539846508782,0.3257387316733501,0.1801124742852024,0.0336851289844577,78.26578862659585,14.37147116924841,1.9600301449871849,1.1294070707755872,1.066859549332981,2.1820401081303693,0.8874596834152788,15.0,0.4775840936383356,0.3424215015165104,0.75,1,0.1787335242825183,2918.1110191250496,7.504683028836895,0.1786146194753152,0,0,0.9397169937182016,5.399499638191334,5.182521139990364,0.4085752085513911,28.834753090120564,0.3313080816078881,-0.2247184155265134,2.758264903424528,1,0.0559911522622557,0.1228702362480191,-0.2586179931297959,0,0,0.5970149309498664
IPO_0591,2023,Realty,0.1725661743672626,0.0312489794086959,-0.0034512196559749,1.0928444795952577,0.6345400446778763,0.2705673145191956,0.0424763688247365,147.64107424687035,-0.313315187284898,2.6038857072081205,1.1660333710707549,1.854222761425644,1.7547247894307545,0.6681365192741279,1.618843602110842,0.6409714483720046,0.3060828746397964,0.6212613606203035,0,0.2243221988943693,178.25748835016174,6.608888486364645,0.27697051026804,0,0,2.7730278142764133,8.362559304541772,0.9287401205682362,2.317411505724357,3.2296762825908134,0.5709429481529187,-0.1903485877853079,4.979033452268373,1,0.1518618591492905,0.4919758816307805,-0.0050452072313161,1,1,0.42857143404532444
IPO_0593,2024,Financials,0.0545914327731319,0.109071069986994,-0.0029909788317685,0.86500326926547,0.2838568550472733,0.0510804228369321,0.2206779830548101,105.14205394123972,-2.6856922319134844,2.256137827980527,1.751804451554271,0.9658490193306132,1.4627935930211484,1.4261134830114437,1.9932269096199728,0.1092812133501409,0.1572385758290461,0.6152016967036644,0,0.1590716338644202,3306.2774684268525,4.735902366625994,0.2070391603993073,0,0,3.854196341057505,3.5945513701085963,3.6227360986550665,7.197579608359289,0.3087838519811919,0.3617798175845915,0.7359707336704945,3.938660469074841,1,0.198830427623171,0.1300461664610542,-0.0920361411724875,0,2,0.402390372044327
IPO_0604,2023,Chemicals,0.4230105463704076,0.1073818526582899,0.0151731908603619,0.7103895403941581,0.3735388241567122,0.0194017627212392,0.203540930101829,76.5371074593355,-1.8913789855938288,3.974178748291053,1.0085571568448646,1.1829625941604671,4.865013672211312,0.8141759658888802,3.033865090901337,0.2768394992830873,0.1636018325358763,0.4750515702872566,0,0.1274152939152341,549.4565987616189,4.214625318730988,0.075153035919871,0,0,0.3325103153282204,4.967927356097855,0.1514189431774833,5.736088374695391,0.8371456045494331,-0.1360967871492098,-0.0119849238035993,3.792449475409832,1,-0.0067460732848508,-0.2435708789617034,0.0831085015627754,1,0,0.419190162685986
IPO_0608,2024,Industrials,-0.1455923114693117,0.0451640424957539,0.0005680766000379,1.0124423594122922,1.0925277169476304,0.2727291146642192,0.0867264326964725,113.05539158039952,0.1535530760958678,9.449060128530544,1.0535450259412924,1.177654506379002,2.528067872728687,1.0646677262710125,4.255214494019331,0.2868047195282157,0.2953980150042605,0.6597953204628608,0,0.5696826585040149,3215.1788878659813,6.34742018434256,0.1471757468183298,1,0,2.3363674251730475,6.491750218495438,8.912455921256296,5.781092204835582,0.3282316887391452,-0.126860780488473,0.3186897264283695,3.998316528282117,1,0.0539225155798204,0.0527297884683934,0.1151348425071182,2,2,0.38961039051516577
IPO_0609,2023,Realty,-0.1221153892297934,0.0924837760390843,0.0249126961223566,1.7891895659965646,0.5840815762285383,0.0649792624860942,0.141650517620031,-12.359135426880329,8.361841749149708,7.391576143680205,0.981788821534161,0.3,2.7704997734335537,2.5726945471768685,2.1080554177336994,0.6962937564796648,0.1598182135450841,0.4985255948900131,0,0.6758946242018953,201.0256586843053,5.8816585958935,0.2683072600917576,1,0,1.6344089417694647,4.894831111742142,6.380885860473277,2.9770663847545897,27.40249868986962,0.0003380979877216,-0.0439461365913938,5.7343422202858205,1,0.1069239341073316,-0.0861374004552901,0.3870582060305537,2,2,0.38961039051516577
IPO_0610,2023,Infra,0.299375798282966,0.0698349747677315,-0.0088023108230389,0.5155453299982903,0.4079990459935183,0.1813165607332349,0.2816944415790647,57.84801115339068,-1.0267042761912206,0.8122420126296204,1.0690642400680248,1.1828551666628326,6.791230254895277,2.5387365394355665,1.2996861413919738,0.2658758441598612,0.2771851293089605,0.75,0,0.121682387860964,932.9579620526129,7.8284785366941,0.3798653588441499,0,0,0.9111019225177748,5.419935036498564,0.5911290095956143,1.5707909011113623,16.108827547191385,0.178934616955306,0.2609958700821572,3.940901315405657,1,0.0504886235265441,0.2762906552611438,0.1330621595607958,2,0,0.6056795698134869
IPO_0639,2024,Industrials,0.0787329071784807,0.1427037894692954,0.0035046215687054,0.9147047684479344,0.3281689027555117,0.1482566103050991,-0.0141072996501394,119.7248071565066,7.480391709204111,11.727882959454458,1.5671276880867788,0.9516660473253952,1.0119395362174055,1.8376558003593035,1.648211539334588,0.4379219317096527,0.0205163552747232,0.6880872637407434,0,0.0955575880948807,848.045862140636,7.572976235269023,0.1938221457692435,0,1,2.6407312084026184,1.6581756069291913,8.394463270993327,0.3705630377231996,0.4890221720226033,0.1597832018905477,-0.0329328187398719,3.127410205364964,1,-0.0362279464262864,-0.024849018739831,-0.213850633037598,0,0,0.3626942976618356
IPO_0641,2024,IT/SaaS,0.2648190628753639,0.2172175044497423,0.0021719465834924,0.297082408923941,0.2873930822040748,0.1674819327020807,0.0992693327681515,109.2517747412844,-11.03708872387436,1.0095635684990183,0.876774811235195,1.692915919744717,4.565079975565039,1.32061396223934,1.806279899042451,0.2863264167365809,0.0635611568809656,0.5208329122990978,0,0.2982360145571991,4741.750180338056,5.631617926184117,0.2845987894529796,1,0,3.607528468033656,8.194228064840047,14.772867207454333,38.04187999458085,0.6664049514414072,0.0950363001735107,-0.0892920368399339,4.179898698761955,1,0.1363286859332687,0.2239420685034625,0.0908373248563185,1,0,0.3938063272131208
IPO_0642,2023,IT/SaaS,0.4554338759595029,0.1027438227063712,0.0063511096816164,0.8827662904150253,0.33722478981114,-0.0857487458987316,0.0996704687079374,62.015124888462,-4.739856340549814,2.201612627393881,1.3545794606053705,1.020165231534465,5.320234459302631,0.5,3.171628312329889,0.5417064270952904,0.1273493569751965,0.5053569944756845,0,0.2089729987619643,2197.056916771798,4.802978530912047,0.254286565456262,1,0,2.1560420143799592,5.949407174839457,0.9315648371943784,12.519701102756178,11.916912164239724,0.2585646212733137,-0.4925178965310935,3.179368828987899,1,0.1343540228790757,0.3346018992215245,0.0945003336842236,1,0,0.4237288114617728
IPO_0648,2024,Auto,0.0958868753868381,0.0268010916905917,0.0307985939723648,0.7923325025963319,0.9862076513287548,0.0827684133679585,0.2040302367665736,60.78746242560791,-9.380868787812954,3.1901552161994653,1.0854067990020924,1.1741166071337947,1.4085410889866938,1.0185997943016531,3.5266291222331643,0.4923652055122441,0.3769845969717009,0.5156378781931078,0,0.0745978610557666,288.52619136058416,5.071300153051387,0.1795472153201334,0,0,3.663284677800488,3.6182495871323863,5.679552444238121,4.249415954570169,3.350920634910405,0.1595818762813546,0.6135543105445654,8.762101548984262,1,0.1113095725676015,0.0757303144283458,-0.0044019210221781,1,0,0.39404635740466665
IPO_0649,2023,Infra,0.1766628307726183,0.1003943883332859,-0.0296922299387439,1.3821560931235912,0.2465999663646439,0.2969723764508545,0.0593932527048435,75.92288538073504,0.3982975230200074,3.492721146024436,0.3150909211514897,1.9526421226234336,0.5276970630507402,0.7342114435947225,2.26040279538531,0.4583440716454833,0.3586037087461925,0.482381002842021,0,0.059221092830669,326.5526774367443,8.25239125133923,0.1704307711091819,0,0,4.504468131042666,4.139214755411497,2.277792617796341,1.7525366314345865,2.434508945608112,0.0624018751545789,0.121662438369123,6.211729849970123,1,0.2356735534200537,0.0860124480127015,0.1777319608945785,2,2,0.7575757548390889
IPO_0667,2023,Industrials,0.0603175854572257,0.1638111778230282,-0.0120587563558454,1.8411301500727948,0.4882678136134007,0.1687467672172527,0.1532569709895652,126.11234319825584,-4.645581892814185,2.948622380353768,1.6579710083151271,1.3245569776246673,11.604627101973517,1.7720103284561466,2.180089710401552,0.1578891227764713,0.3099777694214283,0.6856079301010771,0,0.1509855780427103,903.418064348336,4.378989415187898,0.0423780637266487,0,0,1.1499672517005315,7.279955423433665,1.0026287483202598,0.3020003276017013,0.8861186435129088,0.389006422351513,0.314588913066853,5.703507140272047,1,0.0197930380733086,0.2359389553834919,0.2336194374759462,2,2,0.7575757548390889
IPO_0668,2024,New-Age Tech,0.2441694597370698,0.1428029993432268,0.0179514820612337,0.8732565851073707,6.0,0.0497221443720885,0.1770988224939553,73.50932732870955,-14.184682024264472,8.788609266083325,1.135897401555054,1.5932880662042894,6.693584259376798,2.4291542615975428,2.474084476959368,0.5413495577059838,0.0745944939764784,0.4863374585954235,0,0.3007436613735597,1299.87837898762,7.930862445979364,0.095361586311188,1,0,0.3065477458579451,4.777301678288878,4.872715849260311,5.502311468452728,6.167272843873735,0.4351847895351002,-0.4956018953573138,6.680157453924079,1,0.2076638829299866,0.2203527977258507,-0.1712616903175961,0,2,0.5968169734852897
IPO_0670,2024,Realty,0.1009926912080687,0.0289248546151471,-0.0305273527769244,0.6632785168252424,0.4047442561409403,0.0360843924465719,0.019598308616394,130.1940635522968,4.878605330295119,1.9322277678158293,0.8862096955394617,0.8949820489289078,3.225626540800389,0.6273592238595534,7.519225633391323,0.4278226324953992,0.1823396230002567,0.4951772200428029,0,0.3534727991076923,1147.7690992650496,5.5906069262782205,0.4655763206360774,1,0,0.7560529836851506,5.192384769362525,6.235229039778006,3.217902646939488,0.3911012767042331,-0.2,0.2604512962679511,9.326681267299048,1,0.1539897280350169,-0.1904193164762438,0.0195492993517568,1,0,0.3787878744776257
IPO_0679,2024,Infra,-0.0137823402347534,0.182715966590152,-0.0273814364023632,1.8204334695909343,0.7414523931209879,0.3537127896959813,0.1960528275272844,120.32845803111503,9.609321366231416,3.983917492281247,1.5271850974414154,0.7239000455884841,4.848123223118029,1.5621677403412355,2.003633270211693,0.3610989406206022,0.3644255504926926,0.5456114008055607,0,0.0560418082464614,2005.8598389401427,5.399298768703979,0.0828798903623344,0,0,2.014652104025943,8.459778321980156,6.204199555769868,6.18986869797136,0.8115719615576733,0.0482135481979515,0.296752234294702,8.53484538991728,1,0.0545974950924157,6.0635910117845526e-05,0.440451353261225,2,2,0.5555555481969575
IPO_0682,2024,Consumer,0.2499266493295966,0.1366486508526194,-0.0189517657806831,0.4269489319113345,0.3507224121702114,0.2711748907196156,0.1564147360076425,116.69520311476762,1.6693017522887217,2.473073082324772,0.3,0.9147327181900174,10.585597153206471,1.0925598688388982,2.9414544581356203,0.1812194669070763,0.0172192600860823,0.2944799676099596,0,0.7621034746607953,1282.8227707294543,7.182070441194757,0.2756073756961918,1,0,3.9692469296196062,2.73912746802022,0.3003362083297859,4.387531455590051,5.996181002777153,0.0974323513224732,0.1771659519239241,7.199189880086374,1,0.1457784203634476,-0.0194482296949498,0.3153150825197804,2,0,0.38461538593797284
IPO_0683,2024,Realty,0.1235681844324803,0.0505712184883552,0.0177751876335195,0.9681621410141004,0.7326833276447239,0.0034108504966461,0.1646278091493858,22.78707843180661,-0.7026986508020969,1.4959530691908016,0.3,1.8939820055135133,1.4298190310886123,1.954989948393253,1.3206232925589223,0.6434407228359564,0.2406061230579085,0.6457465537215598,0,0.2186548512501512,393.4618174636488,8.35013497755541,0.3859131128678412,1,0,1.3261603947558562,7.281081534564249,1.4067157677025666,10.651604496687392,34.32471005580408,0.0076849953595329,-0.0874625114583591,0.8375807104789086,1,0.1127413284678913,-0.0040492666757492,-0.0513893399667408,0,0,0.39370078791894414
IPO_0690,2024,Consumer,0.3093000075618201,0.1203750064491187,0.0227825463505401,0.1594180342546131,0.1870504563729404,0.2008375325017947,0.0076007905269889,45.821184376421726,5.644643498692615,1.853831120832305,0.9185249410800792,1.520365080315199,6.564868728759868,1.6793988213670126,5.469186194621368,0.3792206973525133,0.2928722019111536,0.462174609535092,1,0.2047662024305718,764.3288346510238,5.8481751027324975,0.14652511232121,1,0,0.2020163098405613,4.11999518626504,2.152395011068907,25.85493993817509,8.084334209337959,0.2894682872305555,0.4131522812679583,5.873784314896867,1,0.1519179663665768,0.2812418176908813,-0.4383775009246129,0,0,0.7441530853985755
IPO_0692,2024,New-Age Tech,0.2365421678543058,0.076170313404525,-0.0088808664771528,1.881947267828334,0.6999967106291004,0.1586510790787295,0.1909117569050969,23.38667722801067,4.402347499529439,10.66914742443927,1.1442597772834375,1.467232784140153,1.0245170486653024,1.5860617330968116,2.348193585189561,0.2279999612003051,0.1327960620161178,0.3095450090139308,0,0.1110819668203957,474.09759485924326,5.252870524890451,0.0479508443563206,0,0,2.4921124505014984,3.910696111069657,20.974469194505417,0.7595785280711689,4.486121380167415,0.0964162325313136,0.3780439502498479,4.206422980117849,1,-0.0147314389524953,0.2290154500775996,0.8029224881934798,2,2,0.8275009251322204
IPO_0693,2024,Auto,0.0109518134698704,0.1671640545791466,-0.0314270068384927,1.5312291220001064,0.2208933669731284,0.0600559760430912,0.2741115611681286,94.29614480252596,13.55474961674745,3.5983780143127286,0.8940342984627139,1.46189166006256,2.149042444126153,1.8186128234084504,1.2108543076880156,0.2116476590872659,0.0616090794058196,0.3929712556947602,0,0.0950323969601859,1611.5696653775271,6.456598605672301,0.1502727554686878,0,0,0.6105216285781705,5.5251209896719615,0.9584850614715948,0.997384735125485,6.901356709618646,0.570592891966995,0.460167303195361,5.896429173834059,1,-0.0290760317104113,0.4725616349211029,0.0827934343135946,1,2,0.8749999951105565
